id,name,picture_url,cry_url,description,type1,type2,hp,attack,special_att,defence,special_def,speed
1,Bulbizarre,https://img.pokemondb.net/sprites/firered-leafgreen/normal/bulbasaur.png,https://static.wikia.nocookie.net/pokemon/images/5/53/0001.ogg/revision/latest?cb=20160626225119,Il y a une étrange graine sur son dos depuis le jour de sa naissance. Elle devient chaque jour un peu plus grosse.,plante,poison,45,49,65,49,65,45
2,Herbizarre,https://img.pokemondb.net/sprites/firered-leafgreen/normal/ivysaur.png,https://static.wikia.nocookie.net/pokemon/images/0/0c/0002.ogg/revision/latest?cb=20160628003644,"Il y a une bulbe sur son dos. On dit que s'il absorbe assez de nutriments, ce bulbe se transforme en une jolie fleur.",plante,poison,60,62,80,63,80,60
3,Florizarre,https://img.pokemondb.net/sprites/firered-leafgreen/normal/venusaur.png,https://static.wikia.nocookie.net/pokemon/images/7/72/0003.ogg/revision/latest?cb=20160628004100,Une douce senteur émane de sa plante. Cette fragrance calme tous ceux qui sont engagés dans un combat.,plante,poison,80,82,100,83,100,80
4,Salamèche,https://img.pokemondb.net/sprites/firered-leafgreen/normal/charmander.png,https://static.wikia.nocookie.net/pokemon/images/2/2c/0004.ogg/revision/latest?cb=20160628011247,"Depuis sa naissance, une petite flamme brûle au bout de sa queue. Si cette flamme s'éteint, la vie de ce Pokémon s'éteindra elle aussi.",feu,,39,52,60,43,50,65
5,Reptincel,https://img.pokemondb.net/sprites/firered-leafgreen/normal/charmeleon.png,https://static.wikia.nocookie.net/pokemon/images/1/14/0005.ogg/revision/latest?cb=20160628011632,"Il se sert de sa queue pour faire tomber ses adversaires. Une fois qu'ils sont au sol, il les lacère de ses griffes acérées.",feu,,58,64,80,58,65,80
6,Dracaufeu,https://img.pokemondb.net/sprites/firered-leafgreen/normal/charizard.png,https://static.wikia.nocookie.net/pokemon/images/9/90/0006.ogg/revision/latest?cb=20160628012002,Ses ailes peuvent le faire voler à plus de 1 400 mètres d'altitude. Ce Pokémon crache du feu à des températures très élevées.,feu,vol,78,84,109,78,85,100
7,Carapuce,https://img.pokemondb.net/sprites/firered-leafgreen/normal/squirtle.png,https://static.wikia.nocookie.net/pokemon/images/5/5b/0007.ogg/revision/latest?cb=20160628012708,"Quand il rentre son coup dans sa carapace, Carapuce peut projeter de l'eau à haute tension.",eau,,44,48,50,65,64,43
8,Carabaffe,https://img.pokemondb.net/sprites/firered-leafgreen/normal/wartortle.png,https://static.wikia.nocookie.net/pokemon/images/8/8c/0008.ogg/revision/latest?cb=20160628013242,Ce Pokémon est très apprécié comme animal de compagnie. La fourrure sur sa queue est le symbole de sa longévité.,eau,,59,63,65,80,80,58
9,Tortank,https://img.pokemondb.net/sprites/firered-leafgreen/normal/blastoise.png,https://static.wikia.nocookie.net/pokemon/images/0/0e/0009.ogg/revision/latest?cb=20160628013646,Il écrase ses adversaires de tout son poids pour leur faire perdre connaissance. Il rentre dans sa carapace s'il se sent en danger.,eau,,79,83,85,100,105,78
10,Chenipan,https://img.pokemondb.net/sprites/firered-leafgreen/normal/caterpie.png,https://static.wikia.nocookie.net/pokemon/images/6/64/0010.ogg/revision/latest?cb=20160628121842,"Il est recouvert d'une poudre toute verte. Quand il fait sa mue, il s'enroule dans un fil de soie pour s'enfermer dans un cocon.",insect,vol,45,30,20,35,20,45
11,Chrysacier,https://img.pokemondb.net/sprites/firered-leafgreen/normal/metapod.png,https://static.wikia.nocookie.net/pokemon/images/1/15/0011.ogg/revision/latest?cb=20160628122301,"Bien qu'il soit entouré d'une carapace solide, le reste de son corps est si mou qu'il ne résisterait pas à une attaque violente.",insect,,50,20,25,55,25,30
12,Papilusion,https://img.pokemondb.net/sprites/firered-leafgreen/normal/butterfree.png,https://static.wikia.nocookie.net/pokemon/images/5/59/0012.ogg/revision/latest?cb=20160628123029,Ses ailes sont recouvertes d'une poudre les protégeant de la pluie. Ce Pokémon peut donc voler pendant de grosses averses.,insect,vol,60,45,80,50,80,70
13,Aspicot,https://img.pokemondb.net/sprites/firered-leafgreen/normal/weedle.png,https://static.wikia.nocookie.net/pokemon/images/7/74/0013.ogg/revision/latest?cb=20160628124301,On trouve souvent ce Pokémon dans les forêts et les hautes herbes. L'aiguillon de 5 cm sur sa tête contient un venin très toxique.,insect,poison,40,35,20,30,20,50
14,Coconfort,https://img.pokemondb.net/sprites/firered-leafgreen/normal/kakuna.png,https://static.wikia.nocookie.net/pokemon/images/4/4b/0014.ogg/revision/latest?cb=20160913024554,Ce Pokémon a pris cette forme transitoire le temps de développer sa forme véritable. Il est quasiment incapable de se déplacer tout seul.,insect,poison,45,25,25,50,25,35
15,Dardargnan,https://img.pokemondb.net/sprites/firered-leafgreen/normal/beedrill.png,https://static.wikia.nocookie.net/pokemon/images/0/09/0015.ogg/revision/latest?cb=20160913024809,"On le voit souvent voler dans un essaim. Il vole très rapidement, piquant sans cesse ses adversaires de son dard toxique.",insect,poison,65,80,45,40,80,75
16,Roucool,https://img.pokemondb.net/sprites/firered-leafgreen/normal/pidgey.png,https://static.wikia.nocookie.net/pokemon/images/4/43/0016.ogg/revision/latest?cb=20101009044406,"Ce Pokémon n'aime pas se battre, il se cache dans les hautes herbes à la recherche de petits insectes pour se nourrir.",normal,vol,40,45,35,40,35,56
17,Roucoups,https://img.pokemondb.net/sprites/firered-leafgreen/normal/pidgeotto.png,https://static.wikia.nocookie.net/pokemon/images/b/bb/0017.ogg/revision/latest?cb=20101009044411,"Grâce à ces griffes très puissantes, il est capable de transporter des Nœunœuf vers un nid éloigné de plus de 100 Km.",normal,vol,63,60,50,55,50,71
18,Roucarnage,https://img.pokemondb.net/sprites/firered-leafgreen/normal/pidgeot.png,https://static.wikia.nocookie.net/pokemon/images/5/5c/0018.ogg/revision/latest?cb=20101009044417,Roucarnage déploie ses ailes majestueuses pour effrayer ses ennemis. Il peut voler à Mach 2.,normal,vol,83,80,70,75,70,91
19,Rattata,https://img.pokemondb.net/sprites/firered-leafgreen/normal/rattata.png,https://static.wikia.nocookie.net/pokemon/images/d/d2/0019.ogg/revision/latest?cb=20101009044423,"Les dents de Rattata sont longues et tranchantes. Comme elles poussent sans arrêt, il doit ronger tout ce qu'il trouve pour pouvoir les tailler.",normal,,30,56,25,35,35,72
20,Rattatac,https://img.pokemondb.net/sprites/firered-leafgreen/normal/raticate.png,https://static.wikia.nocookie.net/pokemon/images/7/73/0020.ogg/revision/latest?cb=20101009044428,Ses pattes arrières ont trois doigts chacune. Elles sont palmées pour lui permettre de se déplacer dans les rivières.,normal,,55,81,50,60,70,97
21,Piafabec,https://img.pokemondb.net/sprites/firered-leafgreen/normal/spearow.png,https://static.wikia.nocookie.net/pokemon/images/d/d0/0021.ogg/revision/latest?cb=20101009044436,"Il vole activement ça et là. Même s'il semble frêle, sa Mimique fait de lui un adversaire redoutable.",normal,vol,40,60,31,30,31,70
22,Rapasdepic,https://img.pokemondb.net/sprites/firered-leafgreen/normal/fearow.png,https://static.wikia.nocookie.net/pokemon/images/9/94/0022.ogg/revision/latest?cb=20101009044614,Ses ailes gigantesque lui permettent de planer très haut dans le ciel. Il peut rester toute une journée en l'air sans avoir besoin de se poser.,normal,vol,65,90,61,65,61,100
23,Abo,https://img.pokemondb.net/sprites/firered-leafgreen/normal/ekans.png,https://static.wikia.nocookie.net/pokemon/images/0/04/0023.ogg/revision/latest?cb=20101009044621,On le croise très souvent dans les hautes herbes. Il agite rapidement sa langue pour percevoir le danger.,poison,,35,60,40,44,54,55
24,Arbok,https://img.pokemondb.net/sprites/firered-leafgreen/normal/arbok.png,https://static.wikia.nocookie.net/pokemon/images/2/25/0024.ogg/revision/latest?cb=20101009044626,Les motifs sur son corps ressemblent à un visage menaçant. Les adversaires les plus craintifs fuient à la seule vue de ce Pokémon.,poison,,60,85,65,69,79,80
25,Pikachu,https://img.pokemondb.net/sprites/firered-leafgreen/normal/pikachu.png,https://static.wikia.nocookie.net/pokemon/images/7/7d/0025.ogg/revision/latest?cb=20230421022420,"Pikachu a de petites poches pleine d'électricité sur ses joues. S'il se sent menacé, il laisse s'échapper des décharges électriques.",electrique,,35,55,50,30,40,90
26,Raichu,https://img.pokemondb.net/sprites/firered-leafgreen/normal/raichu.png,https://static.wikia.nocookie.net/pokemon/images/5/51/0026.ogg/revision/latest?cb=20101009044637,Ce Pokémon peut accumuler jusqu'à 100 000 volts. Il peut ainsi assommer un éléphant juste en le touchant.,electrique,,60,90,90,55,80,100
27,Sabelette,https://img.pokemondb.net/sprites/firered-leafgreen/normal/sandshrew.png,https://static.wikia.nocookie.net/pokemon/images/f/f5/0027.ogg/revision/latest?cb=20101009044641,"Il s'enterre et vit dans les sous-sols. S'il se sent menacé, il se met en boule pour se protéger.",sol,,50,75,20,85,30,40
28,Sablaireau,https://img.pokemondb.net/sprites/firered-leafgreen/normal/sandslash.png,https://static.wikia.nocookie.net/pokemon/images/e/e8/0028.ogg/revision/latest?cb=20101009044645,"Lorsqu'il fuit en tournoyant sur lui-même, il utilise les piques sur son dos ainsi que ses griffes acérées pour blesser ses ennemis.",sol,,75,100,45,110,55,65
29,Nidoran♀,https://img.pokemondb.net/sprites/firered-leafgreen/normal/nidoran-f.png,https://static.wikia.nocookie.net/pokemon/images/3/37/0029.ogg/revision/latest?cb=20101009044652,"Bien qu'il soit très petit, ce Pokémon doit être traité avec prudence à cause de ses dards toxiques. Les femelles ont des cornes plus petites.",poison,,55,47,40,52,40,41
30,Nidorina,https://img.pokemondb.net/sprites/firered-leafgreen/normal/nidorina.png,https://static.wikia.nocookie.net/pokemon/images/a/a9/0030.ogg/revision/latest?cb=20101009044656,La femelle a un tempérament doux. Elle émet des cris ultrasoniques capables de déstabiliser ses ennemis.,poison,,70,62,55,67,55,56
31,Nidoqueen,https://img.pokemondb.net/sprites/firered-leafgreen/normal/nidoqueen.png,https://static.wikia.nocookie.net/pokemon/images/a/ac/0031.ogg/revision/latest?cb=20101009044709,"Son corps est recouvert d'écailles en formes de pointes. Quand ce Pokémon s'énerve, ses pointes de façon menaçante.",poison,sol,90,82,75,87,85,76
32,Nidoran♂,https://img.pokemondb.net/sprites/firered-leafgreen/normal/nidoran-m.png,https://static.wikia.nocookie.net/pokemon/images/2/2f/0032.ogg/revision/latest?cb=20101009044717,Ce Pokémon agite ses oreilles comme pour entendre tout ce qui se passe au loin. Il déploie des aiguillons toxiques quand il est en colère.,poison,,46,57,40,40,40,50
33,Nidorino,https://img.pokemondb.net/sprites/firered-leafgreen/normal/nidorino.png,https://static.wikia.nocookie.net/pokemon/images/4/48/0033.ogg/revision/latest?cb=20190529132112,"Il se met très facilement en colère. S'il charge avec sa corne imposante, ce Pokémon peut même briser du diamant.",poison,,61,72,55,57,55,65
34,Nidoking,https://img.pokemondb.net/sprites/firered-leafgreen/normal/nidoking.png,https://static.wikia.nocookie.net/pokemon/images/3/36/0034.ogg/revision/latest?cb=20101009044851,On le reconnait facilement grâce à sa peau dure comme la pierre ainsi qu'à sa grosse corne pleine de poison.,poison,sol,81,92,85,77,75,85
35,Mélofée,https://img.pokemondb.net/sprites/firered-leafgreen/normal/clefairy.png,https://static.wikia.nocookie.net/pokemon/images/0/09/0035.ogg/revision/latest?cb=20101009044742,Son apparence adorable donne envie de le prendre dans ses bras. Il est rare et difficile à trouver.,normal,,70,45,60,48,65,35
36,Mélodelfe,https://img.pokemondb.net/sprites/firered-leafgreen/normal/clefable.png,https://static.wikia.nocookie.net/pokemon/images/e/ea/0036.ogg/revision/latest?cb=20101009044748,Ce Pokémon à l'ouïe très développée. Il peut facilement entendre une épingle tomber à 1 km de distance.,normal,,95,70,85,73,90,65
37,Goupix,https://img.pokemondb.net/sprites/firered-leafgreen/normal/vulpix.png,https://static.wikia.nocookie.net/pokemon/images/2/28/0037.ogg/revision/latest?cb=20101009044755,"Quand il est jeune, ce Pokémon a six queues magnifiques. De nouvelles queues apparaissent tout au long de sa croissance.",feu,,38,41,50,40,65,65
38,Feunard,https://img.pokemondb.net/sprites/firered-leafgreen/normal/ninetales.png,https://static.wikia.nocookie.net/pokemon/images/6/64/0038.ogg/revision/latest?cb=20101009044802,Il a neuf longues queues et une fourrure qui brille comme de l'or. On dit qu'il peut vivre 1 000 ans.,feu,,73,76,81,75,100,100
39,Rondoudou,https://img.pokemondb.net/sprites/firered-leafgreen/normal/jigglypuff.png,https://static.wikia.nocookie.net/pokemon/images/a/a8/0039.ogg/revision/latest?cb=20101009044812,Il hypnotise ses ennemis grâce à ses grands yeux avant de les plonger dans un profond sommeil en chantant une douce mélopée.,normal,,115,45,45,20,25,20
40,Grodoudou,https://img.pokemondb.net/sprites/firered-leafgreen/normal/wigglytuff.png,https://static.wikia.nocookie.net/pokemon/images/d/de/0040.ogg/revision/latest?cb=20101009044819,"Sa fourrure est fine, dense et souple à la fois. Très agréable au toucher, elle donne envie de le dorloter.",normal,,140,70,75,45,50,45
41,Nosferapti,https://img.pokemondb.net/sprites/firered-leafgreen/normal/zubat.png,https://static.wikia.nocookie.net/pokemon/images/d/d5/0041.ogg/revision/latest?cb=20101009044956,"Comme il ne possède pas d'yeux, il n'utilise que ses ultrasons pour se déplacer dans les ténèbres.",poison,vol,40,45,30,35,40,55
42,Nosferalto,https://img.pokemondb.net/sprites/firered-leafgreen/normal/golbat.png,https://static.wikia.nocookie.net/pokemon/images/4/4f/0042.ogg/revision/latest?cb=20101009045002,"Une fois ses dents pointues plantées dans le corps de son adversaire, il est capable de lui retirer un quart de litre de sang en une seule gorgée.",poison,vol,75,80,65,70,75,90
43,Mystherbe,https://img.pokemondb.net/sprites/firered-leafgreen/normal/oddish.png,https://static.wikia.nocookie.net/pokemon/images/5/56/0043.ogg/revision/latest?cb=20101009045008,Pendant la journée il se cache sous terre. Il erre dehors toute la nuit pour planter ses graines.,plante,poison,45,45,75,50,65,55
44,Ortide,https://img.pokemondb.net/sprites/firered-leafgreen/normal/gloom.png,https://static.wikia.nocookie.net/pokemon/images/3/38/0044.ogg/revision/latest?cb=20101009045014,Ses pistils sécrètent une odeur incroyablement fétide. Cette senteur épouvantable peut faire perdre connaissance à ses adversaires.,plante,poison,60,65,85,70,75,40
45,Rafflesia,https://img.pokemondb.net/sprites/firered-leafgreen/normal/vileplume.png,https://static.wikia.nocookie.net/pokemon/images/9/95/0045.ogg/revision/latest?cb=20101009045020,"Ses pétales sont les plus grands au monde. À cause du pollen qu'ils libèrent, ce Pokémon peut causer de terribles allergies.",plante,poison,75,80,100,85,90,50
46,Paras,https://img.pokemondb.net/sprites/firered-leafgreen/normal/paras.png,https://static.wikia.nocookie.net/pokemon/images/5/5d/0046.ogg/revision/latest?cb=20101009045026,Sur le dos de ce Pokémon ce trouvent des champignons appelés tochukaso. Ils se développent au même rythme que leur hôte.,insect,plante,35,70,45,55,55,25
47,Parasect,https://img.pokemondb.net/sprites/firered-leafgreen/normal/parasect.png,https://static.wikia.nocookie.net/pokemon/images/d/df/0047.ogg/revision/latest?cb=20101009045031,"Il dégage des spores toxiques depuis son chapeau en forme de champignon. En Chine, ces spores sont utilisées comme des herbes médicinales.",insect,plante,60,95,60,80,80,30
48,Mimitoss,https://img.pokemondb.net/sprites/firered-leafgreen/normal/venonat.png,https://static.wikia.nocookie.net/pokemon/images/1/1a/0048.ogg/revision/latest?cb=20101009045037,Ses yeux fonctionnent comme des radars et lui permettent de voir dans l'obscurité. Il peuvent également envoyer des rayons très puissants.,insect,poison,60,55,40,50,55,45
49,Aéromite,https://img.pokemondb.net/sprites/firered-leafgreen/normal/venomoth.png,https://static.wikia.nocookie.net/pokemon/images/e/ed/0049.ogg/revision/latest?cb=20101009045254,"Ses ailes sont couvertes d'écailles poudreuses. A chaque battement d'ailes, il laisse tomber de la poudre hautement toxique.",insect,poison,70,65,90,60,75,90
50,Taupiqueur,https://img.pokemondb.net/sprites/firered-leafgreen/normal/diglett.png,https://static.wikia.nocookie.net/pokemon/images/b/bb/0050.ogg/revision/latest?cb=20101009045045,Ce Pokémon creuse sous terre à faible profondeur. La terre qu'il laisse dans son sillage le rend facile à repérer.,sol,,10,55,35,25,45,95
51,Triopikeur,https://img.pokemondb.net/sprites/firered-leafgreen/normal/dugtrio.png,https://static.wikia.nocookie.net/pokemon/images/6/61/0051.ogg/revision/latest?cb=20101009045051,"Au combat, il s'enfuit sous terre pour pouvoir frapper ses adversaires depuis n'importe quelle direction.",sol,,35,80,50,50,70,120
52,Miaouss,https://img.pokemondb.net/sprites/firered-leafgreen/normal/meowth.png,https://static.wikia.nocookie.net/pokemon/images/8/88/0052.ogg/revision/latest?cb=20101009045056,"Il passe ses journées à dormir. La nuit venue, il patrouille sur son territoire en utilisant ses yeux brillants.",normal,,40,45,40,35,40,90
53,Persian,https://img.pokemondb.net/sprites/firered-leafgreen/normal/persian.png,https://static.wikia.nocookie.net/pokemon/images/4/41/0053.ogg/revision/latest?cb=20101009045109,"Ce Pokémon a un comportement sournois. S'il lève la queue, cela signifie qu'il s'apprête à vous mordre.",normal,,65,70,65,60,65,115
54,Psykokwak,https://img.pokemondb.net/sprites/firered-leafgreen/normal/psyduck.png,https://static.wikia.nocookie.net/pokemon/images/c/c9/0054.ogg/revision/latest?cb=20101009045117,"Ce Pokémon a tout le temps la migraine. Quand la douleur devient insupportable, il se met à utiliser ses pouvoirs Psy.",eau,,50,52,65,48,50,55
55,Akwakwak,https://img.pokemondb.net/sprites/firered-leafgreen/normal/golduck.png,https://static.wikia.nocookie.net/pokemon/images/e/e1/0055.ogg/revision/latest?cb=20101009045123,Ses pattes arrières palmées font de ce Pokémon un excellent nageur. On peut souvent le voir nager élégamment dans les lacs.,eau,,80,82,95,78,80,85
56,Férosinge,https://img.pokemondb.net/sprites/firered-leafgreen/normal/mankey.png,https://static.wikia.nocookie.net/pokemon/images/e/e0/0056.ogg/revision/latest?cb=20101009045132,"Ce Pokémon est léger, très agile sur ses pieds mais surtout doté d'un tempérament hargneux. Quand il s'énerve, plus rien ne peut le calmer.",combat,,40,80,35,35,45,70
57,Colossinge,https://img.pokemondb.net/sprites/firered-leafgreen/normal/primeape.png,https://static.wikia.nocookie.net/pokemon/images/4/46/0057.ogg/revision/latest?cb=20101009045139,"Ce Pokémon est constamment en rogne. S'il traque une proie, il la pourchassera peu importe jusqu'où elle pourra aller.",combat,,65,105,60,60,70,95
58,Caninos,https://img.pokemondb.net/sprites/firered-leafgreen/normal/growlithe.png,https://static.wikia.nocookie.net/pokemon/images/d/dd/0058.ogg/revision/latest?cb=20101009045145,Ce Pokémon est particulièrement affectueux et loyal. Il aboie et il mord pour se débarrasser de ses adversaires.,feu,,55,70,70,45,50,60
59,Arcanin,https://img.pokemondb.net/sprites/firered-leafgreen/normal/arcanine.png,https://static.wikia.nocookie.net/pokemon/images/8/8c/0059.ogg/revision/latest?cb=20101009045153,On parle de ce Pokémon dans les légendes chinoises. Il paraît qu'il peut courir à des vitesses incroyables.,feu,,90,110,100,80,80,95
60,Ptitard,https://img.pokemondb.net/sprites/firered-leafgreen/normal/poliwag.png,https://static.wikia.nocookie.net/pokemon/images/5/50/0060.ogg/revision/latest?cb=20101009045159,"Sa peau est humide, lisse et surtout très fine. La forme en spirale sur son ventre est en fait une partie de ses organes internes que l'on peut apercevoir.",eau,,40,50,40,40,40,90
61,Têtarte,https://img.pokemondb.net/sprites/firered-leafgreen/normal/poliwhirl.png,https://static.wikia.nocookie.net/pokemon/images/0/00/0061.ogg/revision/latest?cb=20101009045209,"Ses deux jambes sont très développées. Bien qu'il puisse se déplacer sur la terre ferme, ce Pokémon préfère vivre sous l'eau.",eau,,65,65,50,65,50,90
62,Tartard,https://img.pokemondb.net/sprites/firered-leafgreen/normal/poliwrath.png,https://static.wikia.nocookie.net/pokemon/images/9/9a/0062.ogg/revision/latest?cb=20101009045215,"Il passe tout son temps à nager. Il connaît le crawl, la nage papillon et bien d'autres nages. Il est plus rapide que les plus grands champions humains.",eau,combat,90,85,70,95,90,70
63,Abra,https://img.pokemondb.net/sprites/firered-leafgreen/normal/abra.png,https://static.wikia.nocookie.net/pokemon/images/c/cb/0063.ogg/revision/latest?cb=20101009045351,"Il dort 18 heures par jour. Il peut utiliser de nombreux pouvoirs psy, même pendant son sommeil.",psy,,25,20,105,15,55,90
64,Kadabra,https://img.pokemondb.net/sprites/firered-leafgreen/normal/kadabra.png,https://static.wikia.nocookie.net/pokemon/images/2/23/0064.ogg/revision/latest?cb=20101009045358,"Selon les rumeurs, Kadabra serait un petit garçon aux pouvoirs Psy qui se serait réveillé un jour sous cette apparence.",psy,,40,35,120,30,70,105
65,Alakazam,https://img.pokemondb.net/sprites/firered-leafgreen/normal/alakazam.png,https://static.wikia.nocookie.net/pokemon/images/0/06/0065.ogg/revision/latest?cb=20101009045406,Ce Pokémon n'apprécie pas vraiment les attaques physiques. Il utilise ses pouvoirs extrasensoriels pour vaincre ses ennemis.,psy,,55,50,135,45,85,120
66,Machoc,https://img.pokemondb.net/sprites/firered-leafgreen/normal/machop.png,https://static.wikia.nocookie.net/pokemon/images/0/03/0066.ogg/revision/latest?cb=20101009045412,"Son corps est essentiellement composé de muscles. Même s'il a la taille d'un petit enfant, il peut soulever 100 adultes avec ses bras.",combat,,70,80,35,50,35,35
67,Machopeur,https://img.pokemondb.net/sprites/firered-leafgreen/normal/machoke.png,https://static.wikia.nocookie.net/pokemon/images/d/d3/0067.ogg/revision/latest?cb=20101009045418,Son corps incroyable ne se fatigue jamais. Il n'hésite pas à aider les gens lorsqu'il s'agit de soulever des objets très lourds.,combat,,80,100,50,70,60,45
68,Mackogneur,https://img.pokemondb.net/sprites/firered-leafgreen/normal/machamp.png,https://static.wikia.nocookie.net/pokemon/images/8/86/0068.ogg/revision/latest?cb=20101009045425,Ses deux paires de bras permettent à Mackogneur d'envoyer une série de 1 000 coups de poing en 2 secondes.,combat,,90,130,65,80,85,55
69,Chétiflor,https://img.pokemondb.net/sprites/firered-leafgreen/normal/bellsprout.png,https://static.wikia.nocookie.net/pokemon/images/1/1d/0069.ogg/revision/latest?cb=20101009045432,"Son bourgeon ressemble à un visage humain. Selon la légende, Chétiflor serait un type de mandragore légendaire.",plante,poison,50,75,70,35,30,40
70,Boustiflor,https://img.pokemondb.net/sprites/firered-leafgreen/normal/weepinbell.png,https://static.wikia.nocookie.net/pokemon/images/b/b6/0070.ogg/revision/latest?cb=20101009045437,Ses membres en forme de feuilles permettent à Boustiflor de trancher ses adversaires. Il crache un fluide capable de tout dissoudre.,plante,poison,65,90,85,50,45,55
71,Empiflor,https://img.pokemondb.net/sprites/firered-leafgreen/normal/victreebel.png,https://static.wikia.nocookie.net/pokemon/images/7/7f/0071.ogg/revision/latest?cb=20101009045444,L'odeur mielleuse qu'il propage lui permet d'attirer ses proies jusqu'à sa bouche. La proie piégée est alors digérée grâce à un fluide très acide.,plante,poison,80,105,100,65,60,70
72,Tentacool,https://img.pokemondb.net/sprites/firered-leafgreen/normal/tentacool.png,https://static.wikia.nocookie.net/pokemon/images/b/b5/0072.ogg/revision/latest?cb=20101009045449,"Ses yeux sont aussi transparents que du cristal. Grâce à eux, il peut tirer de puissants rayons lumineux.",eau,poison,40,40,50,35,100,70
73,Tentacruel,https://img.pokemondb.net/sprites/firered-leafgreen/normal/tentacruel.png,https://static.wikia.nocookie.net/pokemon/images/2/2c/0073.ogg/revision/latest?cb=20101009045455,Les 80 tentacules que Tentacruel laisse s'agiter lui permettent d'injecter du poison dans les corps de ses ennemis mais aussi de les trancher.,eau,poison,80,70,80,65,120,100
74,Racaillou,https://img.pokemondb.net/sprites/firered-leafgreen/normal/geodude.png,https://static.wikia.nocookie.net/pokemon/images/6/60/0074.ogg/revision/latest?cb=20101009045459,Sa forme ronde le rend facile à ramasser. Certaines personnes les utilisent dans les combats de boules de neige.,roche,sol,40,80,30,100,30,20
75,Gravalanch,https://img.pokemondb.net/sprites/firered-leafgreen/normal/graveler.png,https://static.wikia.nocookie.net/pokemon/images/6/63/0075.ogg/revision/latest?cb=20101009045506,Faites attention pendant vos balades en montagne. Des Gravalanch peuvent dévaler des chemins sans même ralentir !,roche,sol,55,95,45,115,45,35
76,Grolem,https://img.pokemondb.net/sprites/firered-leafgreen/normal/golem.png,https://static.wikia.nocookie.net/pokemon/images/a/ad/0076.ogg/revision/latest?cb=20101009045511,Grolem est entouré d'une carapace aussi rugueuse que la roche. Il s'en débarrasse une fois par an pendant sa mue pour pouvoir grandir.,roche,sol,80,110,55,130,65,45
77,Ponyta,https://img.pokemondb.net/sprites/firered-leafgreen/normal/ponyta.png,https://static.wikia.nocookie.net/pokemon/images/3/3c/0077.ogg/revision/latest?cb=20101009045517,Ponyta est très léger mais ses pattes sont incroyablement puissantes. Il peut franchir des montagnes d'un seul saut.,feu,,50,85,65,55,65,90
78,Galopa,https://img.pokemondb.net/sprites/firered-leafgreen/normal/rapidash.png,https://static.wikia.nocookie.net/pokemon/images/d/da/0078.ogg/revision/latest?cb=20101009045530,"Ce Pokémon peut galoper jusqu'à 240 Km/h. Si vous pensez voir une boule de feu au loin, il s'agit peut-être d'un Galopa en pleine course.",feu,,65,100,80,70,80,105
79,Ramoloss,https://img.pokemondb.net/sprites/firered-leafgreen/normal/slowpoke.png,https://static.wikia.nocookie.net/pokemon/images/6/6f/0079.ogg/revision/latest?cb=20101009045537,"Ramoloss semble toujours perdu dans ses pensées, mais personne ne sait vraiment à quoi il pense. Il adore pêcher en utilisant sa queue.",eau,psy,90,65,40,65,40,15
80,Flagadoss,https://img.pokemondb.net/sprites/firered-leafgreen/normal/slowbro.png,https://static.wikia.nocookie.net/pokemon/images/c/cc/0080.ogg/revision/latest?cb=20101009045544,Un Kokiyas s'est un jour accroché à la queue d'un Ramoloss qui pêchait et l'a fait évoluer en Flagadoss.,eau,psy,95,75,100,110,80,30
81,Magnéti,https://img.pokemondb.net/sprites/firered-leafgreen/normal/magnemite.png,https://static.wikia.nocookie.net/pokemon/images/2/27/0081.ogg/revision/latest?cb=20101009045549,Il reste constamment en sustentation pour se déplacer. Ce Pokémon peut envoyer de l'électricité par les aimants situés sur ses côtés.,electrique,acier,25,35,95,70,55,45
82,Magnéton,https://img.pokemondb.net/sprites/firered-leafgreen/normal/magneton.png,https://static.wikia.nocookie.net/pokemon/images/5/51/0082.ogg/revision/latest?cb=20101009045555,Ce Pokémon est composé de plusieurs Magnéti. Il est capable de projeter de puissantes décharges magnétiques à haute tension.,electrique,acier,50,60,120,95,70,70
83,Canarticho,https://img.pokemondb.net/sprites/firered-leafgreen/normal/farfetchd.png,https://static.wikia.nocookie.net/pokemon/images/5/51/0083.ogg/revision/latest?cb=20101009045601,Ce Pokémon se promène toujours en tenant un artichaut dans son bec. Il l'utilise pour faire son nid.,normal,vol,52,65,58,55,62,60
84,Doduo,https://img.pokemondb.net/sprites/firered-leafgreen/normal/doduo.png,https://static.wikia.nocookie.net/pokemon/images/f/f5/0084.ogg/revision/latest?cb=20101009045608,Ce Pokémon à deux têtes à été découvert après une soudaine mutation. Il peut courir jusqu'à 100 Km/h.,normal,vol,35,85,35,45,35,75
85,Dodrio,https://img.pokemondb.net/sprites/firered-leafgreen/normal/dodrio.png,https://static.wikia.nocookie.net/pokemon/images/3/31/0085.ogg/revision/latest?cb=20101009045615,"Une espèce étrange que l'on trouve rarement. Les trois têtes représentent la joie, la tristesse et la colère.",normal,vol,60,110,60,70,60,100
86,Otaria,https://img.pokemondb.net/sprites/firered-leafgreen/normal/seel.png,https://static.wikia.nocookie.net/pokemon/images/5/54/0086.ogg/revision/latest?cb=20101009045725,Sa peau épaisse et dure est recouverte d'une fourrure bleu clair. Elle permet à ce Pokémon de résister aux températures les plus glaciales.,eau,,65,45,45,55,70,45
87,Lamantine,https://img.pokemondb.net/sprites/firered-leafgreen/normal/dewgong.png,https://static.wikia.nocookie.net/pokemon/images/9/95/0087.ogg/revision/latest?cb=20101009045730,"Son corps est recouvert d'une fourrure d'un blanc pur. Plus il fait froid, et plus ce Pokémon est actif.",eau,glace,90,70,70,80,95,70
88,Tadmorv,https://img.pokemondb.net/sprites/firered-leafgreen/normal/grimer.png,https://static.wikia.nocookie.net/pokemon/images/7/7f/0088.ogg/revision/latest?cb=20101009045735,Tadmorv est né d'un tas de déchets exposé aux rayons X lunaires. Ce Pokémon adore se nourrir de choses dégoûtantes.,poison,,80,80,40,50,50,25
89,Grotadmorv,https://img.pokemondb.net/sprites/firered-leafgreen/normal/muk.png,https://static.wikia.nocookie.net/pokemon/images/0/04/0089.ogg/revision/latest?cb=20101009045744,Ce Pokémon est très dur à repérer car il se liquéfie souvent sur le sol. Il suffit de le toucher pour être gravement empoisonné.,poison,,105,105,65,75,100,50
90,Kokiyas,https://img.pokemondb.net/sprites/firered-leafgreen/normal/shellder.png,https://static.wikia.nocookie.net/pokemon/images/b/ba/0090.ogg/revision/latest?cb=20101009045750,Il est protégé par une coquille aussi dure que du diamant. Il est par contre extrêmement tendre à l'intérieur.,eau,,30,65,45,100,25,40
91,Crustabri,https://img.pokemondb.net/sprites/firered-leafgreen/normal/cloyster.png,https://static.wikia.nocookie.net/pokemon/images/b/bb/0091.ogg/revision/latest?cb=20101009045757,"Sa coquille est extrêmement résistante. Rien ne peut la détruire, pas même une bombe. Il ne l'ouvre que lorsqu'il attaque.",eau,glace,50,95,85,180,45,70
92,Fantominus,https://img.pokemondb.net/sprites/firered-leafgreen/normal/gastly.png,https://static.wikia.nocookie.net/pokemon/images/1/18/0092.ogg/revision/latest?cb=20101009045803,Ce Pokémon est constitué seulement de gaz. Il peut renverser un éléphant en deux secondes juste en l'enveloppant de son corps gazeux.,spectre,poison,30,35,100,30,35,80
93,Spectrum,https://img.pokemondb.net/sprites/firered-leafgreen/normal/haunter.png,https://static.wikia.nocookie.net/pokemon/images/4/4f/0093.ogg/revision/latest?cb=20101009045809,"Si vous avez l'impression d'être surveillé dans le noir, c'est sûrement qu'un Spectrum est dans le coin.",spectre,poison,45,50,115,45,55,95
94,Ectoplasma,https://img.pokemondb.net/sprites/firered-leafgreen/normal/gengar.png,https://static.wikia.nocookie.net/pokemon/images/b/b7/0094.ogg/revision/latest?cb=20101009045816,On dit que les Ectoplasma surgissent des ténèbres pour prendre la vie des personnes égarées en montagne.,spectre,poison,60,65,130,60,75,110
95,Onix,https://img.pokemondb.net/sprites/firered-leafgreen/normal/onix.png,https://static.wikia.nocookie.net/pokemon/images/e/e7/0095.ogg/revision/latest?cb=20101009045822,Onix vit généralement sous terre. Il cherche de la nourriture en creusant à plus de 80 km/h.,roche,sol,35,45,30,160,45,70
96,Soporifik,https://img.pokemondb.net/sprites/firered-leafgreen/normal/drowzee.png,https://static.wikia.nocookie.net/pokemon/images/e/e8/0096.ogg/revision/latest?cb=20101009045830,Ce Pokémon est le descendant d'un animal légendaire qui dévorerait les rêves de ses victimes. Il est capable d'hypnotiser ses ennemis.,psy,,60,48,43,45,90,42
97,Hypnomade,https://img.pokemondb.net/sprites/firered-leafgreen/normal/hypno.png,https://static.wikia.nocookie.net/pokemon/images/2/2c/0097.ogg/revision/latest?cb=20101009045836,Il transporte toujours un petit pendule. On raconte qu'il aurait un jour enlevé un enfant après l'avoir hypnotisé.,psy,,85,73,73,70,115,67
98,Krabby,https://img.pokemondb.net/sprites/firered-leafgreen/normal/krabby.png,https://static.wikia.nocookie.net/pokemon/images/3/3a/0098.ogg/revision/latest?cb=20101009045843,On trouve ce Pokémon près de la mer. Ses grosses pinces peuvent repousser si elles se font arracher.,eau,,30,105,25,90,25,50
99,Krabboss,https://img.pokemondb.net/sprites/firered-leafgreen/normal/kingler.png,https://static.wikia.nocookie.net/pokemon/images/a/aa/0099.ogg/revision/latest?cb=20101009045850,"Sa grosse pince développe une puissance de 10 000 CV. Toutefois, sa taille imposante le rend difficile à utiliser.",eau,,55,130,50,115,50,75
100,Voltorbe,https://img.pokemondb.net/sprites/firered-leafgreen/normal/voltorb.png,https://static.wikia.nocookie.net/pokemon/images/7/7c/0100.ogg/revision/latest?cb=20101009045857,Cette forme de vie est d'origine inconnue. On sait que ce Pokémon utilise Grincement ou Destruction.,electrique,,40,30,55,50,55,100
101,Electrode,https://img.pokemondb.net/sprites/firered-leafgreen/normal/electrode.png,https://static.wikia.nocookie.net/pokemon/images/4/4f/0101.ogg/revision/latest?cb=20101009050027,Il explose au moindre choc. Son seul surnom de « Bomb Ball » suffit à effrayer ses adversaires.,electrique,,60,50,80,70,80,140
102,Noeunoeuf,https://img.pokemondb.net/sprites/firered-leafgreen/normal/exeggcute.png,https://static.wikia.nocookie.net/pokemon/images/3/32/0102.ogg/revision/latest?cb=20101009050027,"Même s'il ressemble à des œufs, ce Pokémon appartient à la famille des végétaux.",plante,psy,60,40,60,80,45,40
103,Noadkoko,https://img.pokemondb.net/sprites/firered-leafgreen/normal/exeggutor.png,https://static.wikia.nocookie.net/pokemon/images/9/94/0103.ogg/revision/latest?cb=20101009050025,On le surnomme « la forêt tropicale ambulante ». Chacune de ses noix possède un visage et un tempérament qui lui sont propres.,plante,psy,95,95,125,85,65,55
104,Osselait,https://img.pokemondb.net/sprites/firered-leafgreen/normal/cubone.png,https://static.wikia.nocookie.net/pokemon/images/e/e7/0104.ogg/revision/latest?cb=20101009050031,Ce Pokémon porte le crâne de sa défunte mère sur sa tête. On raconte qu'il se met à pleurer dès qu'il se retrouve seul.,sol,,50,50,40,95,50,35
105,Ossatueur,https://img.pokemondb.net/sprites/firered-leafgreen/normal/marowak.png,https://static.wikia.nocookie.net/pokemon/images/4/40/0105.ogg/revision/latest?cb=20101009050036,Ce petit Pokémon était à l'origine très faible. Il est devenu redoutable le jour où il a appris à se servir de ses os.,sol,,60,80,50,110,80,45
106,Kicklee,https://img.pokemondb.net/sprites/firered-leafgreen/normal/hitmonlee.png,https://static.wikia.nocookie.net/pokemon/images/c/cd/0106.ogg/revision/latest?cb=20101009050040,Kicklee peut rétracter et allonger ses jambes à sa guise. La formidable allonge dont il dispose lui donne souvent l'avantage en plein combat.,combat,,50,120,35,53,110,87
107,Tygnon,https://img.pokemondb.net/sprites/firered-leafgreen/normal/hitmonchan.png,https://static.wikia.nocookie.net/pokemon/images/9/9e/0107.ogg/revision/latest?cb=20101009050046,Tygnon possède l'esprit combatif des plus grands champion de boxes. Ses coups de poing partent plus vite qu'un boulet de canon.,combat,,50,105,35,79,110,76
108,Excelangue,https://img.pokemondb.net/sprites/firered-leafgreen/normal/lickitung.png,https://static.wikia.nocookie.net/pokemon/images/f/ff/0108.ogg/revision/latest?cb=20101009050051,Sa langue fait deux fois la taille de son corps. Il l'utilise comme un bras pour saisir de la nourriture mais aussi pour attaquer.,normal,,90,55,60,75,75,30
109,Smogo,https://img.pokemondb.net/sprites/firered-leafgreen/normal/koffing.png,https://static.wikia.nocookie.net/pokemon/images/f/fa/0109.ogg/revision/latest?cb=20101009050057,Son corps très fin en forme de ballon est rempli d'un horrible gaz toxique. Essayez de respirer par la bouche si vous vous trouvez près de lui.,poison,,40,65,60,95,45,35
110,Smogogo,https://img.pokemondb.net/sprites/firered-leafgreen/normal/weezing.png,https://static.wikia.nocookie.net/pokemon/images/a/a0/0110.ogg/revision/latest?cb=20101009050102,"Il peut arriver que deux Smogo mutent et s'associent pour former un Smogogo, mais c'est très rare.",poison,,65,90,85,120,70,60
111,Rhinocorne,https://img.pokemondb.net/sprites/firered-leafgreen/normal/rhyhorn.png,https://static.wikia.nocookie.net/pokemon/images/5/5e/0111.ogg/revision/latest?cb=20101009050106,"Costaud mais pas très intelligent, ce Pokémon est capable de détruire un immeuble entier en utilisant sa Charge.",sol,roche,80,85,30,95,30,25
112,Rhinoféros,https://img.pokemondb.net/sprites/firered-leafgreen/normal/rhydon.png,https://static.wikia.nocookie.net/pokemon/images/6/6d/0112.ogg/revision/latest?cb=20101009050111,L'évolution à permis à ce Pokémon de marcher sur ses pattes arrières. Il peut facilement faire des trous dans les rochers en utilisant sa corne.,sol,roche,105,130,45,120,45,40
113,Leveinard,https://img.pokemondb.net/sprites/firered-leafgreen/normal/chansey.png,https://static.wikia.nocookie.net/pokemon/images/1/1b/0113.ogg/revision/latest?cb=20101009050117,Il peut pondre plusieurs œufs par jours. Ses œufs sont très riches en nutriments et vraiment délicieux.,normal,,250,5,35,5,105,50
114,Saquedeneu,https://img.pokemondb.net/sprites/firered-leafgreen/normal/tangela.png,https://static.wikia.nocookie.net/pokemon/images/4/44/0114.ogg/revision/latest?cb=20101009050123,"Une grande masse de lianes bleues cache l'identité de ce Pokémon. Sans pitié, il attrape tout ce qui passe à sa portée.",plante,,65,55,100,115,40,60
115,Kangourex,https://img.pokemondb.net/sprites/firered-leafgreen/normal/kangaskhan.png,https://static.wikia.nocookie.net/pokemon/images/0/03/0115.ogg/revision/latest?cb=20101009050129,La femelle élève sa progéniture dans une poche abdominale. Ce Pokémon adore utiliser le Poing Comète.,normal,,105,95,40,80,80,90
116,Hypotrempe,https://img.pokemondb.net/sprites/firered-leafgreen/normal/horsea.png,https://static.wikia.nocookie.net/pokemon/images/0/0d/0116.ogg/revision/latest?cb=20101009050134,Ce Pokémon maintient son équilibre en balançant sa queue qui se termine boucle. Il peut cracher de l'encre avec sa bouche.,eau,,30,40,70,70,25,60
117,Hypocéan,https://img.pokemondb.net/sprites/firered-leafgreen/normal/seadra.png,https://static.wikia.nocookie.net/pokemon/images/d/de/0117.ogg/revision/latest?cb=20101009050139,"Son corps est recouvert de pointes tranchantes. Il faut la plus grande attention pour le saisir, sous peine de se faire piquer.",eau,,55,65,95,95,45,85
118,Poissirène,https://img.pokemondb.net/sprites/firered-leafgreen/normal/goldeen.png,https://static.wikia.nocookie.net/pokemon/images/d/dc/0118.ogg/revision/latest?cb=20101009050145,"Ses nageoires dorsales et pectorales sont très développées. Grâce à elles, Poissirène peut nager à 5 nœuds.",eau,,45,67,35,60,50,63
119,Poissoroy,https://img.pokemondb.net/sprites/firered-leafgreen/normal/seaking.png,https://static.wikia.nocookie.net/pokemon/images/9/99/0119.ogg/revision/latest?cb=20101009050155,"La corne sur sa tête est plus dure que le foret d'une perceuse. Avec cette corne, il fait des trous dans les rochers pour y faire son nid.",eau,,80,92,65,65,80,68
120,Stari,https://img.pokemondb.net/sprites/firered-leafgreen/normal/staryu.png,https://static.wikia.nocookie.net/pokemon/images/5/54/0120.ogg/revision/latest?cb=20101009050202,"On peut voir des Stari en grand nombre près des côtes. La nuit, le centre de son corps clignote d'une lumière rouge.",eau,,30,45,70,55,55,85
121,Staross,https://img.pokemondb.net/sprites/firered-leafgreen/normal/starmie.png,https://static.wikia.nocookie.net/pokemon/images/d/d1/0121.ogg/revision/latest?cb=20101009050310,"Le corps de ce Pokémon à une forme géométrique. À cause de cette particularité, les pêcheurs racontent que ce Pokémon vient d'une autre planète.",eau,psy,60,75,100,85,85,115
122,M. Mime,https://img.pokemondb.net/sprites/firered-leafgreen/normal/mr-mime.png,https://static.wikia.nocookie.net/pokemon/images/a/a3/0122.ogg/revision/latest?cb=20101009050315,Il adore imiter les gens. On le dit capable de créer de véritables murs juste en les mimant.,psy,,40,45,100,65,120,90
123,Insécateur,https://img.pokemondb.net/sprites/firered-leafgreen/normal/scyther.png,https://static.wikia.nocookie.net/pokemon/images/4/47/0123.ogg/revision/latest?cb=20101009050318,Il déchiquette ses proies à l'aide de ses bras tranchants comme des faux. Il n'utilise ses ailes pour voler que très rarement.,insect,vol,70,110,55,80,80,105
124,Lippoutou,https://img.pokemondb.net/sprites/firered-leafgreen/normal/jynx.png,https://static.wikia.nocookie.net/pokemon/images/b/bb/0124.ogg/revision/latest?cb=20101009050324,Il communique en utilisant un langage qui semble être humain. Des recherches sont en cours pour déterminer ce qu'il dit.,psy,,65,50,115,35,95,95
125,Elektek,https://img.pokemondb.net/sprites/firered-leafgreen/normal/electabuzz.png,https://static.wikia.nocookie.net/pokemon/images/2/2c/0125.ogg/revision/latest?cb=20101009050329,Il adore se nourrir d'électricité. Il apparaît occasionnellement près des grandes centrales électriques.,electrique,,65,83,95,57,85,105
126,Magmar,https://img.pokemondb.net/sprites/firered-leafgreen/normal/magmar.png,https://static.wikia.nocookie.net/pokemon/images/1/1d/0126.ogg/revision/latest?cb=20101009050335,On trouve ce Pokémon près des bouches de volcans. Son corps incandescent atteint 1 200 degrés.,feu,,65,95,100,57,85,93
127,Scarabrute,https://img.pokemondb.net/sprites/firered-leafgreen/normal/pinsir.png,https://static.wikia.nocookie.net/pokemon/images/2/2f/0127.ogg/revision/latest?cb=20101009050340,"Ses deux grandes cornes lui servent de pinces. Une fois qu'il tient une proie, il ne la lâche pas avant de l'avoir déchiquetée.",insect,,65,125,55,100,70,85
128,Tauros,https://img.pokemondb.net/sprites/firered-leafgreen/normal/tauros.png,https://static.wikia.nocookie.net/pokemon/images/2/2a/0128.ogg/revision/latest?cb=20101009050346,"Juste avant d'utiliser Charge, ce Pokémon agite frénétiquement ses trois grandes queues.",normal,,75,100,40,95,70,110
129,Magicarpe,https://img.pokemondb.net/sprites/firered-leafgreen/normal/magikarp.png,https://static.wikia.nocookie.net/pokemon/images/0/0e/0129.ogg/revision/latest?cb=20101009050352,Magicarpe manque totalement de vitesse et de force. C'est le Pokémon le plus pathétique sur terre.,eau,,20,10,15,55,20,80
130,Léviator,https://img.pokemondb.net/sprites/firered-leafgreen/normal/gyarados.png,https://static.wikia.nocookie.net/pokemon/images/6/61/0130.ogg/revision/latest?cb=20101009050359,Il est d'une nature très agressive. L'Ultralaser qu'il tire de sa bouche est capable de désintégrer n'importe quelle cible.,eau,vol,95,125,60,79,100,81
131,Lokhlass,https://img.pokemondb.net/sprites/firered-leafgreen/normal/lapras.png,https://static.wikia.nocookie.net/pokemon/images/0/0c/0131.ogg/revision/latest?cb=20101009050404,Son intelligence lui permet de comprendre le langage des humains. Il adore promener les gens sur son dos.,eau,glace,130,85,85,80,95,60
132,Métamorph,https://img.pokemondb.net/sprites/firered-leafgreen/normal/ditto.png,https://static.wikia.nocookie.net/pokemon/images/d/da/0132.ogg/revision/latest?cb=20101009050411,Métamorph peut modifier sa structure cellulaire à sa guise pour se transformer en n'importe quelle forme vivante.,normal,,48,48,48,48,48,48
133,Evoli,https://img.pokemondb.net/sprites/firered-leafgreen/normal/eevee.png,https://static.wikia.nocookie.net/pokemon/images/1/1a/0133.ogg/revision/latest?cb=20101009050416,Un Pokémon extrêmement rare capable d'évoluer de différentes façons en fonction du stimulus.,normal,,55,55,45,50,65,55
134,Aquali,https://img.pokemondb.net/sprites/firered-leafgreen/normal/vaporeon.png,https://static.wikia.nocookie.net/pokemon/images/c/c6/0134.ogg/revision/latest?cb=20101009050423,"Sa structure cellulaire est similaire à la composition moléculaire de l'eau. Une fois dans l'eau, Il devient indétectable à l'œil nu.",eau,,130,65,110,60,95,65
135,Voltali,https://img.pokemondb.net/sprites/firered-leafgreen/normal/jolteon.png,https://static.wikia.nocookie.net/pokemon/images/f/f8/0135.ogg/revision/latest?cb=20101009050432,"S'il est irrité ou attaqué, toute la fourrure de son corps se dresse comme des aiguilles pour percer ses ennemis.",electrique,,65,65,110,60,95,130
136,Pyroli,https://img.pokemondb.net/sprites/firered-leafgreen/normal/flareon.png,https://static.wikia.nocookie.net/pokemon/images/8/8d/0136.ogg/revision/latest?cb=20101009050439,"Pyroli a une poche de feu à l'intérieur de son corps. Après une bonne inspiration, il est capable de recracher des flammes à 1 700 degrés.",feu,,65,130,95,60,110,65
137,Porygon,https://img.pokemondb.net/sprites/firered-leafgreen/normal/porygon.png,https://static.wikia.nocookie.net/pokemon/images/5/5c/0137.ogg/revision/latest?cb=20101009050446,"En utilisant les dernières avancées technologiques, des scientifiques ont réussi à créer Porygon, le premier Pokémon artificiel.",normal,,65,60,85,70,75,40
138,Amonita,https://img.pokemondb.net/sprites/firered-leafgreen/normal/omanyte.png,https://static.wikia.nocookie.net/pokemon/images/5/5c/0138.ogg/revision/latest?cb=20101009050452,Un Pokémon préhistorique qui vivait dans les profondeurs marines. Il se déplace en agitant ses 10 tentacules.,roche,eau,35,40,90,100,55,35
139,Amonistar,https://img.pokemondb.net/sprites/firered-leafgreen/normal/omastar.png,https://static.wikia.nocookie.net/pokemon/images/1/11/0139.ogg/revision/latest?cb=20101009050458,"Ses tentacules sont développées comme s'il s'agissait de bras ou de jambes. Dès qu'il attrape une proie, il la mord.",roche,eau,70,60,115,125,70,55
140,Kabuto,https://img.pokemondb.net/sprites/firered-leafgreen/normal/kabuto.png,https://static.wikia.nocookie.net/pokemon/images/3/37/0140.ogg/revision/latest?cb=20101009050503,Ce Pokémon a été reconstitué à partir du fossile d'une ancienne créature. Il se protège à l'aide de sa carapace.,roche,eau,30,80,55,90,45,55
141,Kabutops,https://img.pokemondb.net/sprites/firered-leafgreen/normal/kabutops.png,https://static.wikia.nocookie.net/pokemon/images/8/8f/0141.ogg/revision/latest?cb=20101009050551,Il peut nager librement dans l'eau. Il lacère ses ennemis à l'aide de ses bras tranchants et absorbe ensuite leur énergie vitale.,roche,eau,60,115,65,105,70,80
142,Ptéra,https://img.pokemondb.net/sprites/firered-leafgreen/normal/aerodactyl.png,https://static.wikia.nocookie.net/pokemon/images/d/dc/0142.ogg/revision/latest?cb=20101009050556,Ce Pokémon a été reconstitué à partir d'une cellule d'un dinosaure trouvée dans un morceau d'ambre. Il vole très haut en poussant des cris très aigus.,roche,vol,80,105,60,65,75,130
143,Ronflex,https://img.pokemondb.net/sprites/firered-leafgreen/normal/snorlax.png,https://static.wikia.nocookie.net/pokemon/images/f/f0/0143.ogg/revision/latest?cb=20101009050600,"Ronflex n'est pas satisfait tant qu'il n'a pas avalé ses 400 kilos de nourriture quotidienne. Dès qu'il a fini de manger, il commence une sieste pour digérer.",normal,,160,110,65,65,110,30
144,Artikodin,https://img.pokemondb.net/sprites/firered-leafgreen/normal/articuno.png,https://static.wikia.nocookie.net/pokemon/images/5/5a/0144.ogg/revision/latest?cb=20101009050605,Il est l'un des Pokémon oiseaux légendaires. Sa longue queue flottant au vent laisse bouche bée tous ceux qui ont la chance de l'apercevoir.,glace,vol,90,85,95,100,125,85
145,Électhor,https://img.pokemondb.net/sprites/firered-leafgreen/normal/zapdos.png,https://static.wikia.nocookie.net/pokemon/images/0/04/0145.ogg/revision/latest?cb=20101009050612,"Un des Pokémon oiseaux légendaires. Quand il vole, il lance des cris électrisants.",electrique,vol,90,90,125,85,90,100
146,Sulfura,https://img.pokemondb.net/sprites/firered-leafgreen/normal/moltres.png,https://static.wikia.nocookie.net/pokemon/images/7/73/0146.ogg/revision/latest?cb=20101009050617,Il est l'un des Pokémon oiseaux légendaires. Tout ceux qui l'aperçoivent sont subjugués par ses ailes oranges qui semblent être en feu.,feu,vol,90,100,125,90,85,90
147,Minidraco,https://img.pokemondb.net/sprites/firered-leafgreen/normal/dratini.png,https://static.wikia.nocookie.net/pokemon/images/8/83/0147.ogg/revision/latest?cb=20161230224026,Même les plus jeunes peuvent dépasser 2 mètres de long. Il grandit au fur et à mesure de ses mues.,dragon,,41,64,50,45,50,50
148,Draco,https://img.pokemondb.net/sprites/firered-leafgreen/normal/dragonair.png,https://static.wikia.nocookie.net/pokemon/images/9/99/0148.ogg/revision/latest?cb=20101009050708,"On dit que ce Pokémon vit dans les mers et lacs. Même s'il n'a pas d'ailes, certaines personnes disent l'avoir déjà vu voler.",dragon,,61,84,70,85,70,70
149,Dracolosse,https://img.pokemondb.net/sprites/firered-leafgreen/normal/dragonite.png,https://static.wikia.nocookie.net/pokemon/images/a/a7/0149.ogg/revision/latest?cb=20101009050640,"Malgré son poids et son physique imposant, Dracolosse est capable de voler. Il peut faire le tour du monde en 16 heures.",dragon,vol,91,134,100,95,100,80
150,Mewtwo,https://img.pokemondb.net/sprites/firered-leafgreen/normal/mewtwo.png,https://static.wikia.nocookie.net/pokemon/images/b/b0/0150.ogg/revision/latest?cb=20101009050645,Le caractère malfaisant de ce Pokémon est le résultat de nombreuses expériences qui visaient à modifier son code génétique.,psy,,106,110,154,90,90,130
151,Mew,https://img.pokemondb.net/sprites/firered-leafgreen/normal/mew.png,https://static.wikia.nocookie.net/pokemon/images/2/26/0151.ogg/revision/latest?cb=20101009050651,On pensait que ce Pokémon originaire d'Amérique du Sud avait disparu. Il est très intelligent et peut apprendre n'importe quelle capacité.,psy,,100,100,100,100,100,100
